,index,file,gender,race,ethnic_gender
131841,131841,black_females/n003147/0107_02.jpg,F,B,BF
1079274,155376,black_females/n004539/0167_01.jpg,F,B,BF
1804426,880528,black_females/n001906/0104_01.jpg,F,B,BF
1486941,563043,black_females/n000596/0115_01.jpg,F,B,BF
615888,615888,black_females/n000596/0070_01.jpg,F,B,BF
1066975,143077,black_females/n002631/0242_01.jpg,F,B,BF
1069912,146014,black_females/n007723/0214_02.jpg,F,B,BF
151801,151801,black_females/n008917/0139_01.jpg,F,B,BF
1557658,633760,black_females/n008839/0038_01.jpg,F,B,BF
605906,605906,black_females/n002503/0019_01.jpg,F,B,BF
1590331,666433,black_females/n003712/0104_01.jpg,F,B,BF
1045346,121448,black_females/n003746/0064_03.jpg,F,B,BF
120427,120427,black_females/n003139/0192_01.jpg,F,B,BF
1054918,131020,black_females/n002616/0012_01.jpg,F,B,BF
139991,139991,black_females/n008443/0191_01.jpg,F,B,BF
148705,148705,black_females/n002291/0037_02.jpg,F,B,BF
1040884,116986,black_females/n000359/0572_01.jpg,F,B,BF
614909,614909,black_females/n005185/0160_01.jpg,F,B,BF
118606,118606,black_females/n001812/0125_01.jpg,F,B,BF
1041009,117111,black_females/n000771/0458_01.jpg,F,B,BF
1060932,137034,black_females/n002137/0215_01.jpg,F,B,BF
160790,160790,black_females/n003147/0030_02.jpg,F,B,BF
1610854,686956,black_females/n002176/0283_01.jpg,F,B,BF
1053788,129890,black_females/n001452/0012_01.jpg,F,B,BF
1815617,891719,black_females/n000555/0116_01.jpg,F,B,BF
157756,157756,black_females/n000324/0049_01.jpg,F,B,BF
1425262,501364,black_females/n001338/0503_01.jpg,F,B,BF
1075775,151877,black_females/n002911/0066_01.jpg,F,B,BF
151200,151200,black_females/n003746/0619_01.jpg,F,B,BF
154296,154296,black_females/n001796/0516_01.jpg,F,B,BF
1088409,164511,black_females/n008575/0186_02.jpg,F,B,BF
1776489,852591,black_females/n002273/0065_01.jpg,F,B,BF
145813,145813,black_females/n007723/0005_01.jpg,F,B,BF
120034,120034,black_females/n002911/0066_01.jpg,F,B,BF
599359,599359,black_females/n001508/0038_01.jpg,F,B,BF
1704696,780798,black_females/n008839/0080_01.jpg,F,B,BF
620261,620261,black_females/n006674/0003_01.jpg,F,B,BF
1061755,137857,black_females/n002300/0014_01.jpg,F,B,BF
600558,600558,black_females/n002176/0037_01.jpg,F,B,BF
1056672,132774,black_females/n004070/0240_02.jpg,F,B,BF
593973,593973,black_females/n001906/0327_01.jpg,F,B,BF
139358,139358,black_females/n005167/0282_01.jpg,F,B,BF
136028,136028,black_females/n001508/0232_01.jpg,F,B,BF
1796991,873093,black_females/n008937/0128_01.jpg,F,B,BF
149830,149830,black_females/n002911/0066_01.jpg,F,B,BF
1400600,476702,black_females/n008937/0285_03.jpg,F,B,BF
633210,633210,black_females/n002179/0028_01.jpg,F,B,BF
1448117,524219,black_females/n003303/0460_01.jpg,F,B,BF
134664,134664,black_females/n000371/0332_02.jpg,F,B,BF
582863,582863,black_females/n002622/0190_01.jpg,F,B,BF
